工厂编码,物料编码,M+1月预测需求量,M+2月预测需求量,M+3月预测需求量
2000,1001,81.33,144.85,139.77
2000,1003,136.08,135.49,120.58
2000,1006,165.23,118.77,101.87
2000,1010,32.5,52.25,45.63
2000,1014,40.93,55.06,43.99
2000,1019,66.59,36.45,25.07
2000,1020,76.22,65.45,36.56
2000,1021,92.27,67.27,38.01
2000,1027,3.45,4.31,3.97
2000,1029,25.54,39.86,28.29
2000,1031,104.0,106.19,102.92
2000,1033,58.97,62.26,61.6
2000,1034,55.92,57.84,55.56
2000,1035,37.09,19.32,17.88
2000,1037,46.77,42.93,46.05
2000,1038,23.5,20.47,22.39
2000,1040,3.04,2.94,3.22
2000,1042,20.78,17.4,23.92
2000,1044,12.2,18.23,17.28
2000,1045,13.0,11.96,13.77
2000,1046,97.49,69.81,86.33
2000,1048,1.55,1.15,1.13
2000,1049,4.88,5.85,9.14
2000,1050,219.93,283.16,213.57
2000,1051,24.81,27.44,28.96
2000,1052,20.19,24.28,25.05
2000,1053,25.96,24.35,17.01
2000,1054,93.81,104.89,110.64
2000,1061,121.54,112.54,112.85
2000,1067,16.63,14.69,14.11
2000,1074,129.77,108.66,112.22
2000,1077,58.28,50.95,49.29
2000,1089,49.63,69.83,66.32
2000,1091,83.04,102.84,94.67
2000,1143,20.31,25.87,21.22
2000,1144,34.59,54.9,49.35
2000,1145,131.97,197.59,125.79
2000,1146,67.49,109.24,45.74
2000,1147,14.55,16.65,14.59
2000,1150,19.26,20.15,19.5
2000,1151,59.74,72.33,32.19
2000,1153,67.12,108.47,101.25
2000,1154,16.89,18.74,20.83
2000,1156,18.58,22.7,25.1
2000,1160,55.3,66.18,60.04
2000,1183,10.5,12.58,17.52
2000,1184,12.86,14.55,19.3
2000,1185,71.94,74.56,70.0
2000,1186,92.45,92.14,80.37
2000,1187,61.19,63.69,62.82
2000,1188,71.97,76.92,59.38
2000,1189,72.08,76.09,56.38
2000,1193,21.34,8.54,7.56
2000,1194,22.23,9.92,8.88
2000,1195,22.94,10.2,9.1
2000,1196,39.47,9.96,8.93
2000,1197,183.59,18.33,16.98
2000,1198,86.56,22.26,20.54
2000,1200,78.58,42.7,37.92
2000,1201,78.58,41.15,36.51
2000,1205,67.2,65.95,59.64
2000,1208,50.42,58.69,53.72
2000,1209,79.07,104.91,104.45
2000,1210,103.64,89.79,103.73
2000,1213,14.85,17.54,15.48
2000,1214,22.08,22.28,21.66
2000,1215,197.95,134.47,119.73
2000,1216,42.91,44.72,41.69
2000,1217,42.93,45.16,42.13
2000,1218,30.24,47.47,43.7
2000,1219,29.02,47.34,42.49
2000,1221,58.8,51.15,45.53
2000,1222,67.19,53.02,46.74
2000,1223,60.56,46.47,41.32
2000,1230,58.63,43.61,39.15
2000,1238,46.95,25.05,22.84
2000,1239,70.11,51.57,48.03
2000,1240,17.61,16.67,16.01
2000,1241,30.65,20.13,19.23
2000,1242,30.05,19.94,19.36
2000,1252,17.9,20.29,20.54
2000,1264,123.83,115.98,108.81
2000,1272,17.13,32.44,29.71
2001,1000,8.97,10.84,8.94
2001,1001,29.56,142.11,137.15
2001,1003,86.53,102.43,111.57
2001,1006,165.23,103.6,112.31
2001,1007,183.57,103.6,112.31
2001,1010,34.08,56.13,50.11
2001,1012,33.37,52.98,40.88
2001,1016,45.44,66.3,59.57
2001,1017,33.15,35.68,31.51
2001,1019,64.43,28.25,26.38
2001,1020,71.44,63.24,55.54
2001,1021,76.07,65.17,57.36
2001,1022,70.82,87.95,79.51
2001,1023,76.76,89.48,81.46
2001,1027,2.11,4.43,4.17
2001,1028,2.17,4.43,4.17
2001,1029,13.68,13.87,12.46
2001,1031,113.71,108.32,98.52
2001,1034,37.43,47.53,58.01
2001,1036,37.35,50.33,49.01
2001,1037,42.16,57.8,57.17
2001,1038,23.6,26.54,26.94
2001,1040,32.56,55.18,56.94
2001,1041,86.24,77.31,73.68
2001,1044,9.98,15.19,16.02
2001,1045,12.93,14.29,17.4
2001,1048,1.96,1.3,1.29
2001,1049,3.76,5.11,6.4
2001,1051,18.07,26.2,32.33
2001,1052,15.75,24.82,28.47
2001,1053,25.96,24.75,16.98
2001,1054,84.17,80.13,83.93
2001,1060,82.27,69.87,75.87
2001,1061,139.23,91.93,89.64
2001,1062,32.28,17.77,28.89
2001,1063,32.91,21.98,31.21
2001,1066,44.06,37.05,42.19
2001,1083,10.63,18.18,18.06
2001,1089,49.63,69.85,66.31
2001,1091,95.34,214.19,210.87
2001,1096,286.17,200.93,194.26
2001,1112,81.45,56.45,49.76
2001,1113,86.59,59.81,52.79
2001,1114,68.66,52.52,46.5
2001,1115,69.41,52.4,46.5
2001,1116,69.41,52.25,46.38
2001,1117,68.95,51.4,45.58
2001,1118,104.51,104.96,94.22
2001,1119,75.8,51.54,45.62
2001,1120,73.19,43.95,39.03
2001,1121,86.85,52.26,46.43
2001,1157,46.84,35.12,47.43
2001,1159,206.85,212.88,183.9
2001,1165,182.83,202.99,171.45
2001,1166,135.37,184.69,147.57
2001,1167,135.35,207.84,160.32
2001,1169,112.07,149.68,134.25
2001,1170,117.65,148.78,134.75
2001,1171,116.31,141.9,177.77
2001,1172,158.52,181.3,221.57
2001,1193,49.21,108.06,84.96
2001,1207,152.87,112.48,107.72
2001,1208,165.27,130.37,119.58
2001,1209,165.68,139.08,127.3
2001,1210,160.55,137.22,125.29
2001,1218,114.26,69.2,63.54
2001,1222,117.77,71.03,65.08
2001,1243,44.25,68.18,61.83
2001,1244,46.01,82.78,75.05
2001,1245,58.4,87.03,79.05
2001,1246,59.3,70.18,63.7
2001,1247,65.63,64.58,58.85
2001,1248,76.63,64.5,58.76
2001,1250,45.93,62.45,56.96
2001,1251,44.13,73.81,67.46
2001,1252,21.84,36.77,37.99
2001,1263,214.07,98.82,89.99
2001,1264,214.07,96.41,87.77
2001,1289,403.53,544.58,382.03
2001,1291,403.77,544.84,382.26
2002,1000,18.93,11.09,10.29
2002,1001,67.55,126.92,119.12
2002,1003,101.96,108.82,179.4
2002,1007,183.57,124.7,184.36
2002,1010,77.01,68.59,42.49
2002,1012,83.15,56.34,47.55
2002,1024,2.9,6.18,4.88
2002,1027,4.98,6.35,5.65
2002,1029,28.11,41.16,44.38
2002,1031,84.97,124.09,103.33
2002,1033,70.92,53.29,90.74
2002,1034,58.19,47.95,93.8
2002,1035,44.15,41.64,81.07
2002,1037,78.47,69.58,109.93
2002,1038,32.64,46.13,39.18
2002,1040,4.57,5.1,5.79
2002,1042,28.25,29.53,28.92
2002,1044,16.92,24.31,30.24
2002,1045,12.06,12.38,15.68
2002,1046,93.71,69.49,85.97
2002,1047,59.58,38.14,57.23
2002,1048,3.28,4.26,3.64
2002,1049,11.81,15.76,13.56
2002,1050,229.97,284.99,216.18
2002,1051,58.37,32.02,70.77
2002,1052,25.35,31.99,65.88
2002,1053,28.21,31.99,30.84
2002,1054,141.45,165.24,208.39
2002,1060,151.07,137.37,148.92
2002,1061,180.39,156.49,165.3
2002,1063,46.26,19.24,28.95
2002,1064,48.43,20.35,30.0
2002,1066,35.27,23.43,31.19
2002,1067,32.49,21.01,22.75
2002,1068,304.11,272.07,232.66
2002,1069,324.29,306.37,265.47
2002,1070,225.67,271.71,255.85
2002,1071,222.39,267.34,257.48
2002,1077,56.74,42.18,39.92
2002,1083,9.39,18.27,18.13
2002,1089,27.68,70.22,66.65
2002,1090,26.55,70.22,66.65
2002,1091,115.42,130.73,141.39
2002,1112,27.9,28.41,25.48
2002,1120,18.08,17.56,15.68
2002,1143,20.31,26.95,23.96
2002,1157,29.32,43.28,36.6
2002,1158,199.66,181.13,158.38
2002,1159,131.16,178.96,155.58
2002,1163,76.22,139.91,124.6
2002,1166,125.53,136.86,124.42
2002,1167,170.37,130.41,116.55
2002,1169,90.13,118.69,112.04
2002,1171,156.65,137.28,164.45
2002,1173,248.51,178.62,218.31
2002,1184,83.72,35.33,30.65
2002,1186,165.0,253.09,188.68
2002,1191,167.1,254.58,189.39
2002,1245,68.82,84.54,76.75
2002,1250,58.09,59.75,54.51
2002,1252,34.96,38.24,40.44
2002,1255,117.47,39.37,41.32
2002,1257,234.62,385.63,349.76
2002,1274,494.5,608.87,368.44
2002,1275,529.65,636.69,443.7
2002,1276,475.64,643.12,459.18
2002,1277,491.47,644.85,463.35
2002,1292,445.01,577.98,418.65
2003,1025,4.38,8.32,6.76
2003,1026,20.87,75.45,69.32
2003,1027,4.96,6.42,6.82
2003,1029,27.95,21.58,30.58
2003,1031,100.57,75.28,109.42
2003,1034,163.53,53.21,75.54
2003,1037,46.71,54.9,80.07
2003,1038,30.54,78.6,66.34
2003,1039,30.54,72.93,61.51
2003,1040,4.27,8.2,8.42
2003,1042,26.66,28.86,36.28
2003,1043,410.23,409.6,372.63
2003,1044,12.97,19.78,18.42
2003,1045,12.06,12.37,15.35
2003,1046,98.16,76.02,90.43
2003,1048,3.3,4.37,3.66
2003,1049,8.95,11.97,10.99
2003,1050,241.31,272.56,206.77
2003,1051,22.31,29.92,22.14
2003,1052,22.27,30.77,25.86
2003,1053,24.02,31.86,21.85
2003,1054,90.16,103.73,162.17
2003,1077,56.76,40.02,37.35
2003,1091,111.18,132.06,143.4
2003,1102,68.68,49.63,77.06
2003,1103,13.59,12.55,16.34
2003,1104,27.59,28.2,25.2
2003,1114,28.21,28.72,25.76
2003,1117,16.74,16.94,15.4
2003,1120,17.05,17.25,15.4
2003,1121,18.6,18.8,16.8
2003,1136,46.34,42.4,38.12
2003,1164,68.29,94.08,78.24
2003,1166,151.53,121.68,104.58
2003,1167,151.41,120.36,102.97
2003,1168,207.01,284.3,248.32
2003,1169,218.1,287.21,279.03
2003,1171,160.29,183.06,223.69
2003,1191,175.77,254.58,194.56
2003,1192,53.47,125.01,101.14
2003,1198,41.94,112.06,88.63
2003,1200,49.56,159.19,134.76
2003,1201,44.82,160.6,135.06
2003,1204,105.99,63.61,58.52
2003,1207,114.26,43.85,41.17
2003,1208,128.58,51.15,46.63
2003,1209,118.64,53.11,48.1
2003,1212,100.03,53.71,48.66
2003,1219,71.72,40.76,36.7
2003,1220,77.49,41.28,36.62
2003,1224,78.95,33.47,29.95
2003,1225,51.2,40.27,36.63
2003,1226,53.01,44.27,40.32
2003,1227,50.2,47.75,43.66
2003,1228,45.6,48.93,44.89
2003,1229,26.47,44.15,40.29
2003,1231,29.46,53.29,48.87
2003,1232,80.47,111.98,93.75
2003,1233,138.37,163.79,152.13
2003,1234,17.59,21.99,19.59
2003,1235,52.49,70.39,64.79
2003,1236,67.99,113.59,102.9
2003,1237,189.48,136.48,117.8
2003,1247,98.93,60.43,55.04
2003,1251,89.34,69.26,63.44
2003,1252,80.26,39.01,41.02
2003,1254,80.08,43.89,45.25
2003,1258,214.25,360.56,327.07
2003,1261,202.33,76.27,69.72
2003,1266,195.18,62.65,57.33
2003,1267,195.18,62.86,57.51
2003,1268,195.2,69.17,62.73
2003,1269,195.12,69.58,63.11
2003,1273,195.02,62.97,57.26
2003,1281,29.97,40.27,37.6
2003,1282,26.19,37.49,34.97
2003,1283,24.81,37.1,33.29
2003,1284,404.9,397.73,359.9
2003,1285,90.08,128.38,117.4
2003,1295,96.55,132.0,121.91
2003,1296,123.55,155.33,143.67
2003,1297,123.55,155.33,143.67
2004,1000,15.16,14.0,12.96
2004,1001,93.26,48.15,47.11
2004,1002,121.7,103.22,107.84
2004,1003,140.1,137.82,147.01
2004,1004,140.1,135.2,143.21
2004,1005,295.72,135.2,143.21
2004,1007,216.96,137.69,140.21
2004,1008,214.27,72.09,76.12
2004,1009,408.35,76.46,79.72
2004,1010,84.74,71.05,45.11
2004,1011,85.1,58.76,48.01
2004,1012,91.33,57.32,48.51
2004,1013,88.2,47.62,40.34
2004,1026,20.44,62.58,57.52
2004,1027,4.98,6.15,6.73
2004,1028,6.55,6.15,6.73
2004,1029,27.95,27.0,35.03
2004,1031,86.71,87.38,126.96
2004,1032,287.05,334.95,302.05
2004,1034,78.33,63.57,89.64
2004,1037,77.77,63.49,101.04
2004,1038,35.05,49.36,34.81
2004,1039,35.05,46.37,32.58
2004,1040,4.2,4.6,6.18
2004,1041,8.06,11.49,10.01
2004,1042,28.36,29.07,27.42
2004,1044,14.08,19.16,18.78
2004,1045,12.06,12.37,15.4
2004,1046,102.7,83.36,96.73
2004,1048,4.36,6.92,5.6
2004,1049,7.54,6.91,6.28
2004,1050,67.4,105.13,129.85
2004,1051,23.49,29.96,30.25
2004,1052,23.49,31.51,32.9
2004,1053,32.32,36.21,38.5
2004,1054,94.71,105.23,137.26
2004,1060,70.92,58.46,64.45
2004,1061,94.22,93.48,123.77
2004,1062,21.77,4.36,19.58
2004,1063,29.88,17.4,29.21
2004,1065,70.02,57.4,121.04
2004,1066,36.78,27.23,36.02
2004,1077,56.84,40.17,37.87
2004,1078,22.54,33.54,44.1
2004,1081,25.53,33.51,30.35
2004,1085,8.07,11.91,11.07
2004,1086,12.06,13.41,12.33
2004,1090,27.61,70.22,66.65
2004,1091,104.94,124.9,102.06
2004,1097,18.25,27.71,22.35
2004,1104,28.31,28.72,25.76
2004,1105,28.31,28.72,25.76
2004,1110,28.31,28.72,25.76
2004,1113,28.62,29.03,26.04
2004,1114,28.83,29.13,26.11
2004,1115,23.87,24.07,21.56
2004,1116,16.74,16.94,15.12
2004,1117,16.74,16.94,15.12
2004,1118,17.05,17.25,15.4
2004,1119,17.05,17.25,15.4
2004,1120,17.05,17.04,15.4
2004,1121,18.6,18.59,16.8
2004,1155,26.81,46.95,40.33
2004,1166,121.03,120.44,103.43
2004,1169,216.96,287.21,279.03
2004,1243,7.45,10.85,9.94
2004,1244,8.02,11.13,10.19
2004,1245,16.27,21.28,19.39
2004,1246,13.48,17.8,16.18
2004,1247,7.17,8.94,7.95
2004,1248,17.48,27.26,24.91
2004,1249,7.71,10.16,9.21
2004,1250,5.3,7.39,6.66
2004,1251,12.12,16.59,15.38
2004,1252,22.2,25.09,24.73
2005,1000,15.16,13.99,12.94
2005,1004,140.1,195.51,176.59
2005,1011,87.74,61.05,50.12
2005,1015,91.39,53.63,46.94
2005,1018,256.17,218.62,196.42
2005,1019,335.27,227.18,179.19
2005,1020,202.92,148.69,106.22
2005,1021,203.16,149.25,106.8
2005,1022,114.21,117.19,100.89
2005,1023,113.01,112.39,96.57
2005,1026,94.14,167.88,146.85
2005,1027,4.19,4.5,5.72
2005,1031,106.9,147.3,130.25
2005,1034,59.05,39.01,38.58
2005,1035,59.37,27.33,22.58
2005,1037,64.65,53.96,75.71
2005,1038,26.97,36.63,27.41
2005,1039,26.97,35.34,26.3
2005,1040,4.41,3.91,6.39
2005,1042,29.74,30.35,31.36
2005,1043,410.28,409.65,372.58
2005,1044,13.43,16.86,18.46
2005,1045,12.05,12.35,15.31
2005,1046,101.62,75.61,88.82
2005,1048,3.0,2.92,2.98
2005,1049,8.51,6.42,5.59
2005,1050,53.65,105.26,119.19
2005,1051,23.33,24.99,31.64
2005,1052,23.26,24.63,29.95
2005,1053,25.1,29.8,26.48
2005,1054,82.28,94.29,139.55
2005,1055,84.08,94.29,263.7
2005,1060,73.68,59.95,79.82
2005,1061,102.32,97.09,136.46
2005,1063,33.17,17.36,29.08
2005,1065,129.48,122.12,135.25
2005,1066,39.53,27.31,36.37
2005,1077,54.31,40.01,37.89
2005,1090,27.63,68.72,65.2
2005,1091,105.92,126.96,103.59
2005,1104,19.33,21.78,19.34
2005,1114,19.34,22.59,20.11
2005,1117,18.4,21.41,19.06
2005,1120,18.37,21.36,19.0
2005,1121,19.12,22.35,19.91
2005,1122,22.12,27.06,23.83
2005,1124,24.27,31.54,27.88
2005,1125,62.88,134.15,120.99
2005,1126,284.56,218.32,197.62
2005,1127,27.26,27.96,24.12
2005,1129,156.77,180.85,177.86
2005,1130,201.14,212.12,205.97
2005,1131,175.61,204.3,196.68
2005,1132,293.5,284.02,266.29
2005,1133,126.01,90.55,89.95
2005,1134,129.99,94.74,93.77
2005,1199,51.23,156.35,129.87
2005,1200,54.03,157.9,132.25
2005,1201,48.64,157.83,131.33
2005,1202,48.44,158.66,133.24
2005,1203,39.84,65.5,60.12
2005,1204,40.63,66.89,60.96
2005,1207,29.39,47.4,44.32
2005,1208,45.13,77.14,69.01
2005,1209,41.84,74.67,66.54
2005,1210,73.86,71.56,64.62
2005,1211,61.4,80.94,75.08
2005,1212,65.96,82.23,76.37
2005,1219,19.39,60.74,55.86
2005,1220,21.64,64.1,58.77
2005,1222,44.75,68.05,61.41
2005,1224,43.28,73.29,65.07
2005,1225,42.23,66.19,58.79
2005,1226,36.15,53.25,47.42
2005,1227,22.78,55.97,50.02
2005,1228,22.22,60.29,54.11
2005,1229,22.38,59.74,53.71
2005,1232,70.7,184.93,164.64
2005,1233,70.7,196.11,175.44
2005,1254,297.29,216.22,193.6
2005,1264,40.33,47.22,37.59
2005,1265,40.61,47.43,37.87
2005,1266,41.76,51.68,41.68
2005,1267,51.36,71.78,57.8
2005,1268,56.16,86.55,70.85
2005,1270,51.99,78.28,64.56
2005,1271,43.16,55.52,44.89
2005,1273,42.25,54.28,43.9
2005,1278,40.79,48.53,39.03
2005,1279,233.13,297.55,271.11
2005,1280,233.13,297.55,271.11
2005,1283,219.84,316.11,287.01
2005,1284,249.01,324.89,294.71
2005,1286,30.12,31.63,27.29
2005,1287,43.32,44.09,39.65
2006,1000,20.0,17.81,15.33
2006,1001,93.45,84.05,75.52
2006,1003,195.08,265.68,246.85
2006,1004,195.08,290.34,269.04
2006,1010,151.42,120.36,111.25
2006,1011,152.78,123.63,115.43
2006,1012,121.46,121.34,113.19
2006,1013,124.52,137.82,128.53
2006,1019,110.68,131.9,93.88
2006,1020,165.77,202.05,153.29
2006,1021,164.29,199.86,151.23
2006,1022,105.01,197.76,169.43
2006,1023,106.12,182.88,158.39
2006,1026,79.72,153.43,126.23
2006,1027,4.09,6.8,7.82
2006,1029,33.11,27.02,31.55
2006,1030,110.21,96.2,89.05
2006,1031,95.01,93.4,85.68
2006,1032,262.58,312.27,279.25
2006,1037,52.01,71.53,96.12
2006,1038,22.16,34.93,29.52
2006,1039,22.16,34.78,29.52
2006,1040,4.69,6.19,8.76
2006,1042,26.83,31.48,34.98
2006,1044,13.32,16.86,18.46
2006,1045,11.76,11.84,15.31
2006,1046,107.23,80.26,93.72
2006,1048,2.49,3.47,3.45
2006,1049,9.43,6.67,5.7
2006,1050,56.37,120.16,140.1
2006,1051,22.38,26.03,33.21
2006,1052,22.24,22.17,31.49
2006,1053,26.28,27.38,31.06
2006,1054,82.89,85.04,136.74
2006,1056,88.19,85.04,253.91
2006,1057,88.79,85.04,253.91
2006,1061,103.83,95.83,132.74
2006,1065,85.46,74.08,92.94
2006,1077,53.24,37.94,36.97
2006,1090,26.97,68.72,65.2
2006,1091,106.79,130.93,106.89
2006,1104,19.06,21.58,19.13
2006,1114,19.11,22.3,19.76
2006,1117,18.44,21.61,19.15
2006,1120,18.32,21.58,19.13
2006,1121,19.24,22.58,20.02
2006,1164,61.15,90.48,75.24
2006,1166,130.09,113.39,98.93
2006,1167,119.23,111.04,96.78
2006,1168,124.58,258.25,208.74
2006,1169,213.9,285.21,260.32
2006,1171,264.55,271.8,241.38
2006,1252,22.63,24.26,24.44
2006,1293,632.29,630.91,581.5
2007,1000,9.77,7.02,5.77
2007,1001,77.59,81.28,56.99
2007,1003,178.55,168.12,150.49
2007,1006,202.85,135.07,114.33
2007,1010,50.23,50.8,46.81
2007,1012,54.48,31.54,28.88
2007,1019,101.57,127.11,89.35
2007,1020,142.61,192.74,135.93
2007,1021,142.13,192.94,136.08
2007,1027,3.04,2.96,2.64
2007,1029,22.64,20.4,19.77
2007,1031,145.91,150.11,167.33
2007,1034,72.25,90.67,109.77
2007,1035,71.57,41.52,29.67
2007,1037,53.74,53.88,51.42
2007,1038,37.52,47.66,36.0
2007,1040,3.54,3.73,4.99
2007,1042,31.29,26.92,28.09
2007,1044,13.34,17.08,18.54
2007,1045,11.76,11.84,15.31
2007,1050,105.65,128.42,140.35
2007,1051,27.25,27.01,28.07
2007,1052,27.0,22.31,26.73
2007,1053,26.52,27.0,28.74
2007,1054,84.93,97.11,102.72
2007,1060,76.36,56.89,67.79
2007,1061,121.45,119.54,105.86
2007,1063,13.16,11.71,12.36
2007,1066,19.27,19.99,21.66
2007,1067,19.47,19.36,20.89
2007,1082,12.45,15.54,14.22
2007,1088,22.51,64.68,61.01
2007,1091,106.49,131.03,107.33
2007,1252,21.21,24.1,24.23
2007,1256,35.91,36.42,26.65
2008,1000,2.83,2.81,1.77
2008,1001,17.44,22.33,12.83
2008,1003,172.4,163.14,147.66
2008,1010,17.7,19.58,19.47
2008,1012,18.27,20.07,15.3
2008,1027,3.2,3.74,3.34
2008,1029,22.99,28.52,22.62
2008,1031,135.38,163.26,145.36
2008,1034,46.91,37.99,35.46
2008,1037,44.93,44.98,38.34
2008,1038,23.74,26.04,23.96
2008,1040,4.6,5.66,5.2
2008,1042,19.49,26.87,28.2
2008,1044,12.98,17.11,18.62
2008,1045,11.76,11.84,15.31
2008,1048,2.6,3.27,3.23
2008,1051,18.59,23.03,24.5
2008,1052,14.79,18.14,23.34
2008,1054,81.3,113.31,128.37
2008,1060,71.04,53.95,66.58
2008,1061,136.72,125.2,106.77
2008,1062,10.0,3.63,5.82
2008,1063,12.74,11.7,12.21
2008,1064,51.5,46.99,44.4
2008,1066,19.14,20.01,21.58
2008,1067,20.0,19.44,20.96
2008,1083,9.46,11.9,12.22
2008,1089,14.45,16.39,15.04
2008,1091,86.97,97.24,105.68
2008,1252,24.41,24.67,24.67
2009,1000,3.6,2.8,1.72
2009,1001,47.81,36.38,32.29
2009,1003,55.8,158.17,147.55
2009,1006,193.92,128.59,114.76
2009,1007,206.51,122.42,107.77
2009,1010,25.09,33.69,28.57
2009,1012,14.95,25.03,20.14
2009,1016,85.26,101.57,93.33
2009,1019,43.54,46.3,40.54
2009,1020,97.04,144.65,104.62
2009,1027,2.09,3.33,3.02
2009,1029,26.08,45.64,27.74
2009,1031,79.51,66.94,63.74
2009,1034,67.98,111.35,103.29
2009,1035,66.48,16.6,15.08
2009,1037,46.0,42.49,40.15
2009,1038,18.06,18.75,18.59
2009,1040,2.81,3.44,4.5
2009,1042,21.46,26.59,28.37
2009,1044,12.69,17.35,19.33
2009,1045,11.65,12.18,15.77
2009,1048,2.6,3.04,2.98
2009,1049,9.57,4.88,4.52
2009,1051,17.95,20.77,25.25
2009,1052,14.7,18.84,25.62
2009,1053,28.85,23.42,28.35
2009,1054,86.15,87.36,95.92
2009,1060,76.39,58.23,70.13
2009,1061,119.82,110.45,98.14
2009,1091,133.93,118.25,130.43
2009,1124,45.81,34.42,37.52
2009,1125,141.07,125.63,110.63
2009,1129,236.16,234.9,205.27
2009,1131,263.2,257.39,220.51
2009,1136,20.55,18.26,16.37
2009,1137,113.91,155.67,138.12
2009,1138,108.1,147.34,130.65
2009,1139,160.54,183.2,164.85
2009,1142,333.86,359.65,316.13
2009,1148,31.75,12.67,10.93
2009,1149,60.49,35.75,30.73
2009,1152,93.71,161.37,147.4
2009,1157,38.17,45.75,45.52
2009,1159,195.87,283.42,235.52
2009,1161,179.37,170.19,159.81
2009,1162,214.72,179.96,169.04
2009,1184,18.14,39.95,36.31
2009,1186,211.06,253.09,193.98
2009,1190,217.15,254.58,193.21
2009,1252,24.76,27.7,28.03
2009,1258,41.71,45.52,35.14
2009,1294,113.45,111.58,102.44
2010,1000,3.96,2.53,1.55
2010,1001,44.89,35.55,31.42
2010,1003,100.55,195.26,172.01
2010,1007,210.94,167.0,141.63
2010,1010,24.39,34.54,28.88
2010,1012,15.24,22.45,17.55
2010,1014,15.46,23.06,18.08
2010,1019,44.55,47.54,41.71
2010,1020,96.23,144.65,104.59
2010,1021,94.81,144.78,104.75
2010,1022,93.24,190.14,161.19
2010,1023,96.01,175.26,150.14
2010,1027,3.75,3.47,3.06
2010,1029,45.98,149.17,94.4
2010,1031,152.6,155.52,133.32
2010,1033,82.01,55.36,45.68
2010,1034,73.49,66.95,56.46
2010,1035,71.18,15.6,14.12
2010,1037,51.57,49.71,44.01
2010,1038,25.9,26.01,25.49
2010,1040,3.52,3.38,4.5
2010,1042,25.64,26.81,29.29
2010,1044,15.69,17.71,20.96
2010,1045,11.93,11.31,14.24
2010,1051,25.41,26.44,28.8
2010,1052,19.1,19.58,26.71
2010,1054,160.51,176.55,148.77
2010,1060,61.94,49.7,37.34
2010,1061,155.66,124.98,123.79
2010,1062,38.78,2.93,4.34
2010,1063,43.02,11.84,12.14
2010,1064,80.97,46.22,43.55
2010,1066,49.87,20.61,21.95
2010,1067,50.02,19.95,21.25
2010,1074,109.37,103.35,106.74
2010,1077,51.34,38.06,37.05
2010,1083,8.78,11.85,12.2
2010,1089,21.33,26.22,23.8
2010,1091,139.6,126.85,131.85
2010,1143,21.22,27.48,24.43
2010,1144,41.19,45.95,40.13
2010,1145,151.32,274.06,145.22
2010,1146,51.41,69.81,45.55
2010,1154,21.99,46.34,45.38
2010,1156,23.6,45.89,45.88
2010,1184,24.68,21.52,17.86
2010,1186,212.72,253.09,190.36
2010,1188,212.72,254.58,188.76
2010,1252,18.78,22.86,22.69
2011,1000,4.14,2.6,1.65
2011,1001,45.01,35.45,31.3
2011,1004,100.55,178.69,153.74
2011,1011,91.86,157.34,141.49
2011,1013,94.79,158.64,142.57
2011,1018,219.21,204.14,190.17
2011,1019,59.2,57.97,53.07
2011,1020,98.45,150.12,108.89
2011,1021,96.92,150.09,108.86
2011,1022,98.73,195.65,166.12
2011,1023,103.06,180.03,154.2
2011,1026,82.44,153.49,127.06
2011,1027,6.76,7.11,6.29
2011,1028,6.96,9.69,8.95
2011,1029,41.99,36.51,42.48
2011,1031,136.2,108.84,125.62
2011,1032,324.2,400.05,365.52
2011,1034,110.55,158.9,115.21
2011,1037,70.0,45.81,75.9
2011,1038,45.31,41.39,51.47
2011,1040,6.65,7.01,6.66
2011,1042,39.4,35.28,48.74
2011,1043,385.9,385.49,350.32
2011,1044,18.53,17.54,20.51
2011,1045,12.28,11.75,15.37
2011,1046,111.16,81.85,97.74
2011,1048,2.6,2.53,2.36
2011,1049,9.63,4.79,4.43
2011,1050,136.12,146.66,137.9
2011,1051,29.5,24.64,28.97
2011,1052,20.42,23.94,30.24
2011,1053,29.78,29.44,34.58
2011,1054,124.46,152.87,199.8
2011,1060,56.79,55.93,47.29
2011,1061,110.0,137.48,127.34
2011,1063,37.74,33.16,25.52
2011,1065,88.05,78.49,73.44
2011,1066,44.71,42.51,35.43
2011,1072,3.84,3.35,3.08
2011,1073,27.59,24.7,25.76
2011,1074,134.38,124.07,126.25
2011,1077,74.4,109.26,117.36
2011,1078,38.02,31.01,43.97
2011,1080,4.46,3.53,3.22
2011,1084,46.42,37.3,34.67
2011,1085,25.39,4.11,3.84
2011,1086,27.81,5.98,5.32
2011,1087,180.18,163.29,145.89
2011,1090,30.57,30.17,27.36
2011,1091,151.08,131.2,147.45
2011,1092,151.08,130.76,146.01
2011,1093,150.65,131.02,145.96
2011,1094,150.68,137.96,145.85
2011,1095,221.61,143.45,153.58
2011,1098,45.24,46.94,57.39
2011,1099,44.71,46.85,57.44
2011,1100,53.93,50.52,60.42
2011,1101,51.67,47.15,57.23
2011,1102,68.68,49.63,77.06
2011,1103,22.77,19.69,25.01
2011,1104,44.88,44.53,46.76
2011,1106,44.26,44.53,46.76
2011,1107,44.26,44.53,46.76
2011,1108,44.26,44.53,46.76
2011,1109,43.89,44.04,46.48
2011,1110,45.75,45.33,47.6
2011,1111,45.57,45.15,47.32
2011,1114,43.89,29.76,33.32
2011,1117,43.64,29.76,33.32
2011,1120,43.64,29.76,33.32
2011,1121,43.64,29.76,33.32
2011,1246,21.76,46.68,42.62
2011,1247,17.66,33.26,30.11
2011,1250,16.16,16.39,14.87
2011,1251,22.82,23.18,21.3
2011,1252,87.68,126.37,118.91
2012,1000,4.01,2.84,1.86
2012,1001,47.28,74.08,68.66
2012,1003,99.78,141.81,124.63
2012,1004,99.78,160.62,138.15
2012,1005,281.18,228.73,207.32
2012,1009,405.81,214.22,193.62
2012,1010,116.05,163.59,146.24
2012,1011,63.7,163.02,145.64
2012,1012,64.03,163.23,145.75
2012,1013,64.39,164.38,146.83
2012,1019,59.16,36.37,31.82
2012,1020,91.18,95.87,71.36
2012,1021,106.74,133.36,103.81
2012,1027,4.97,5.28,5.71
2012,1028,4.97,5.3,5.72
2012,1029,38.46,33.13,35.99
2012,1031,106.23,95.86,120.84
2012,1032,289.5,396.98,362.11
2012,1034,120.28,206.17,150.18
2012,1037,61.39,60.47,71.44
2012,1038,38.78,31.91,57.15
2012,1039,40.39,30.59,54.2
2012,1040,4.34,6.71,6.29
2012,1041,22.16,18.56,16.27
2012,1042,30.25,27.54,26.53
2012,1043,385.79,385.38,350.08
2012,1044,10.97,16.58,16.37
2012,1045,11.28,12.0,15.57
2012,1046,129.98,135.17,139.51
2012,1048,2.6,2.46,2.31
2012,1049,9.65,5.47,5.06
2012,1050,93.06,111.68,110.98
2012,1051,16.01,25.24,33.29
2012,1052,16.17,24.09,35.21
2012,1053,21.73,26.08,36.42
2012,1054,61.28,77.92,119.89
2012,1060,42.62,65.89,88.77
2012,1061,54.97,72.5,101.37
2012,1063,17.9,34.89,27.16
2012,1065,134.5,104.79,95.78
2012,1066,50.59,44.46,37.97
2012,1077,57.83,94.41,99.57
2012,1078,39.15,32.94,45.95
2012,1079,39.15,32.94,45.95
2012,1081,24.91,29.56,26.35
2012,1082,12.52,16.63,14.8
2012,1087,175.66,165.65,152.64
2012,1088,43.39,39.46,35.06
2012,1090,25.89,23.01,20.98
2012,1091,57.96,127.27,122.86
2012,1103,22.74,19.68,20.95
2012,1104,30.17,32.36,29.7
2012,1110,30.08,31.94,29.34
2012,1114,12.41,12.84,11.53
2012,1117,10.1,10.36,9.29
2012,1120,10.11,10.37,9.29
2012,1121,10.85,11.12,9.96
2012,1254,254.74,190.55,171.33
2012,1284,346.11,403.77,368.87
2013,1031,100.69,107.24,95.94
2013,1037,77.85,94.12,82.1
2013,1038,22.01,23.38,23.42
2013,1040,2.19,3.41,2.87
2013,1042,18.75,12.93,14.16
2013,1044,15.43,17.1,16.09
2013,1045,11.37,10.42,15.61
2013,1051,21.39,29.06,32.0
2013,1054,113.53,150.41,136.06
2013,1061,121.43,112.12,117.87
2013,1091,57.96,127.27,127.49
2013,1143,16.72,27.33,24.38
2013,1144,105.88,67.08,59.54
2013,1145,54.53,273.08,55.58
2013,1184,61.25,42.99,46.72
2013,1186,372.97,372.87,289.19
2013,1189,497.61,552.89,454.62
2013,1190,164.0,123.8,114.7
2013,1252,36.61,21.04,20.74
2014,1003,99.87,82.58,91.28
2014,1072,2.48,2.6,2.35
2014,1073,16.59,9.57,15.22
2014,1074,61.08,89.74,73.85
2014,1078,19.97,23.76,26.0
2014,1080,5.15,2.26,1.87
2014,1081,28.41,30.26,27.12
2014,1083,7.56,11.5,11.65
2014,1086,5.74,4.7,4.18
2014,1089,15.29,23.88,21.77
2014,1090,13.05,22.33,20.46
2014,1091,90.38,116.32,126.22
2014,1123,110.27,40.72,33.59
2014,1125,160.73,174.84,120.79
2014,1128,169.79,177.27,121.26
2014,1131,479.23,645.66,508.15
2014,1136,28.74,26.74,24.25
2014,1137,117.0,136.42,123.87
2014,1138,24.05,33.09,30.38
2014,1139,101.97,116.53,123.51
2014,1140,111.69,160.53,181.21
2014,1141,257.11,252.82,216.8
2014,1158,185.47,253.18,210.14
2014,1174,39.75,50.79,38.55
2014,1175,125.45,125.88,132.24
2014,1176,175.3,129.03,134.95
2014,1177,110.67,138.35,145.27
2014,1178,99.57,140.51,149.91
2014,1179,137.76,163.36,203.18
2014,1180,173.02,220.33,213.98
2014,1181,156.65,239.26,232.76
2014,1182,148.76,205.63,153.37
2014,1184,54.54,79.28,80.92
2014,1186,289.72,199.4,168.27
2014,1193,21.5,40.29,37.33
2014,1195,22.45,41.57,38.4
2014,1198,84.34,108.89,100.67
2014,1202,127.36,137.73,126.23
2014,1205,202.37,191.45,172.46
2014,1206,202.37,191.45,172.46
2014,1207,121.37,112.3,102.12
2014,1208,132.27,146.75,132.77
2014,1210,157.85,178.99,157.55
2014,1213,46.78,60.2,54.32
2014,1214,40.34,61.58,55.72
2014,1218,40.44,65.73,59.86
2014,1219,39.83,65.01,59.3
2014,1222,26.83,84.64,78.47
2014,1258,93.91,50.57,43.52
2014,1259,148.13,230.31,213.63
2014,1260,125.64,114.85,107.62
2014,1262,209.92,186.23,173.22
2014,1288,376.43,366.86,340.04
2015,1000,3.81,2.74,1.79
2015,1001,29.56,23.21,20.94
2015,1003,99.87,82.21,87.4
2015,1006,196.65,122.99,116.56
2015,1007,209.81,104.56,97.02
2015,1010,32.29,69.48,62.75
2015,1012,20.5,63.44,57.53
2015,1014,20.18,67.56,61.27
2015,1019,64.14,22.62,21.36
2015,1020,120.84,42.88,34.12
2015,1021,115.24,47.01,38.0
2015,1022,59.25,33.37,31.63
2015,1023,60.38,40.96,37.51
2015,1027,2.91,3.46,3.2
2015,1028,3.04,4.16,3.83
2015,1037,60.16,78.69,64.07
2015,1040,2.6,3.86,3.32
2015,1045,11.3,10.26,15.56
2015,1046,129.98,135.17,139.51
2015,1049,9.53,6.64,6.21
2015,1050,93.06,140.65,140.54
2015,1052,21.3,23.47,35.3
2015,1053,12.33,15.28,31.87
2015,1054,137.27,149.91,139.48
2015,1060,135.0,110.19,107.99
2015,1061,134.74,118.57,122.21
2015,1067,44.55,39.1,40.86
2015,1072,2.48,2.63,2.38
2015,1073,16.59,9.57,15.42
2015,1074,61.08,89.74,73.77
2015,1075,51.35,73.74,65.17
2015,1076,16.45,19.24,13.01
2015,1077,36.69,58.6,51.63
2015,1078,16.83,22.65,22.93
2015,1080,5.15,2.26,1.87
2015,1081,28.41,30.27,27.21
2015,1082,17.78,18.03,16.19
2015,1083,7.56,11.35,11.54
2015,1084,23.89,36.17,33.73
2015,1085,2.92,1.72,1.43
2015,1086,4.16,2.79,2.42
2015,1087,183.75,207.92,188.99
2015,1088,17.58,37.29,32.86
2015,1089,15.29,23.88,21.77
2015,1090,13.05,22.03,20.16
2015,1091,90.38,103.86,113.03
2015,1114,105.89,17.6,12.62
2015,1117,105.66,16.05,11.18
2015,1120,105.58,15.96,11.05
2015,1252,24.44,25.57,29.24
2015,1253,163.42,114.62,106.01
2015,1255,69.44,34.97,30.7
